VarA,VarB,Value
0.01,intercept,0.009869541973106797
0.01,1,0.0011181078398266068
0.01,2,0.004477364353377895
0.01,3,0.009833832609101034
0.01,4,-0.0013644393311848183
0.01,5,-0.010175157826969863
0.01,6,0.005091728677333838
0.01,7,0.004175885925072226
0.01,8,0.006146007592740413
0.01,9,0.005467430766101231
0.01,10,0.050055638786142914
0.01,11,0.006374431804579549
0.01,12,0.0030991542993105176
0.01,13,-0.00046712870574372
0.01,14,0.0007823376726752891
0.01,15,0.0036192436571697816
0.01,16,0.0034952917139335613
0.02,intercept,0.010403596260650105
0.02,1,0.0008613100095677634
0.02,2,0.004130559933239407
0.02,3,0.01457540182079127
0.02,4,-0.005835887471033658
0.02,5,-0.009864681460380033
0.02,6,0.006442796736835204
0.02,7,0.007202532033939114
0.02,8,0.007103696739076566
0.02,9,0.006969260388889345
0.02,10,0.06559912114940468
0.02,11,0.006616571386977195
0.02,12,0.0014584404830192263
0.02,13,-0.0008018340772826197
0.02,14,0.0006178546861832551
0.02,15,0.0034607774397408604
0.02,16,0.003470042047356019
0.03,intercept,0.01071746970930275
0.03,1,0.002879340060118264
0.03,2,0.006275857490129616
0.03,3,0.014388757531435299
0.03,4,-0.0038925543202301873
0.03,5,-0.00470481050706634
0.03,6,0.004361381255365318
0.03,7,0.008458446449991806
0.03,8,0.009893385676031945
0.03,9,0.006282298620715775
0.03,10,0.07721824202216235
0.03,11,0.006148925875865176
0.03,12,0.0007311433656381929
0.03,13,-0.0012455022900459125
0.03,14,0.0008656591961022265
0.03,15,0.0031610092189885996
0.03,16,0.0031595321191430943
0.04,intercept,0.011126052470750516
0.04,1,0.005623996032986583
0.04,2,0.006205538989261342
0.04,3,0.01451800907813974
0.04,4,-0.003432689478658072
0.04,5,-0.0033477837290049983
0.04,6,0.0019750071141009457
0.04,7,0.007636858226556903
0.04,8,0.01269479706732991
0.04,9,0.005505122204997793
0.04,10,0.0869112578697621
0.04,11,0.0055449184792730555
0.04,12,0.001326689920007148
0.04,13,-0.0016656280503074606
0.04,14,0.0010608618700204443
0.04,15,0.002937084404208325
0.04,16,0.003039697501762062
0.05,intercept,0.011444854110510131
0.05,1,0.005814912071836343
0.05,2,0.007200149222391679
0.05,3,0.014734919163868819
0.05,4,-0.002446999224484151
0.05,5,-0.004486500837791735
0.05,6,0.004469053123627228
0.05,7,0.004038109534956762
0.05,8,0.012730898836651364
0.05,9,0.005676804901134591
0.05,10,0.09962497571547428
0.05,11,0.005618305476732394
0.05,12,0.0014703992208870028
0.05,13,-0.001802153252369748
0.05,14,0.0012379442566141752
0.05,15,0.0027505089497578223
0.05,16,0.0029370510103604933
0.06,intercept,0.011819592428686814
0.06,1,0.006583400058361535
0.06,2,0.008433787458404216
0.06,3,0.014047848789862559
0.06,4,-0.0025986135251301755
0.06,5,-0.0012013277548931492
0.06,6,0.002924690923012962
0.06,7,0.006021417915695265
0.06,8,0.012911623670736332
0.06,9,0.0022691931508849613
0.06,10,0.10747103179897251
0.06,11,0.005853287517481437
0.06,12,0.0012642566614351795
0.06,13,-0.0018382259191373489
0.06,14,0.0013369928798230937
0.06,15,0.002521152564333432
0.06,16,0.0028187751708494044
0.07,intercept,0.01205558439734552
0.07,1,0.007407652891942974
0.07,2,0.008285197631447689
0.07,3,0.01494282024004076
0.07,4,0.0010084510795274077
0.07,5,-0.0029014553500807264
0.07,6,0.0038599693500641044
0.07,7,0.004736978446140938
0.07,8,0.015404220267813597
0.07,9,0.0020906633972212754
0.07,10,0.11085962703812134
0.07,11,0.006899541229247027
0.07,12,0.001539924806252239
0.07,13,-0.001820592025389755
0.07,14,0.0013058040907839412
0.07,15,0.002322968571012369
0.07,16,0.0026734268775975164
0.08,intercept,0.012442528066988204
0.08,1,0.008090444215782283
0.08,2,0.00895209519210454
0.08,3,0.013878308975223824
0.08,4,0.0033400408590113025
0.08,5,-0.0005077381745968951
0.08,6,-0.00012180709020812749
0.08,7,0.006603639691197223
0.08,8,0.015982052008168886
0.08,9,-0.0010366536211828925
0.08,10,0.11966761648323403
0.08,11,0.007316768520897946
0.08,12,0.0007617478241895906
0.08,13,-0.001943083925921486
0.08,14,0.0013101276074602127
0.08,15,0.002112684195776853
0.08,16,0.002447138719172185
0.09,intercept,0.012669332329828233
0.09,1,0.007718660740190934
0.09,2,0.01061048088260959
0.09,3,0.01471301338000926
0.09,4,0.0018543965541002693
0.09,5,0.0006965552830129127
0.09,6,0.0019755310715293315
0.09,7,0.006367483162175458
0.09,8,0.014936542853541407
0.09,9,-0.0003878553538726925
0.09,10,0.12326759709844048
0.09,11,0.007807311080628527
0.09,12,0.001428534765151213
0.09,13,-0.0018939996103653478
0.09,14,0.0013569523231191478
0.09,15,0.0019754863216025252
0.09,16,0.0022602736193596596
0.1,intercept,0.012860804053739842
0.1,1,0.008324485181168016
0.1,2,0.00989519748806983
0.1,3,0.015458487655774695
0.1,4,0.00203428774923462
0.1,5,-6.46824600297041e-5
0.1,6,0.0033445078636326273
0.1,7,0.005536921694166075
0.1,8,0.01622602893156196
0.1,9,-0.0029842824669749153
0.1,10,0.1331579064910763
0.1,11,0.008551521091863317
0.1,12,0.0010262763369979242
0.1,13,-0.0019707266864532167
0.1,14,0.0013837269028773094
0.1,15,0.0018626865426309303
0.1,16,0.002135255821535973
0.11,intercept,0.013160345148353625
0.11,1,0.007992595572377447
0.11,2,0.010781257096041897
0.11,3,0.01501176761580634
0.11,4,0.001486120180333338
0.11,5,0.0006184058146731944
0.11,6,0.0028679038705505524
0.11,7,0.005631266330954586
0.11,8,0.016028889766111113
0.11,9,-0.0031821996216860387
0.11,10,0.13813254842795153
0.11,11,0.008426278257402048
0.11,12,0.001973043134804413
0.11,13,-0.001965005336073751
0.11,14,0.0014233663429089939
0.11,15,0.0017726715720684971
0.11,16,0.0020013758257272627
0.12,intercept,0.013380410580986412
0.12,1,0.00830257668004223
0.12,2,0.00956840299838149
0.12,3,0.016516003451341684
0.12,4,0.0016927552324381588
0.12,5,0.002058738705011916
0.12,6,0.00278632997533378
0.12,7,0.005732782642486744
0.12,8,0.016251586468925078
0.12,9,-0.0059871499069830605
0.12,10,0.14530128843702525
0.12,11,0.008579844436837231
0.12,12,0.0021130100541604086
0.12,13,-0.0020328925385238333
0.12,14,0.001371413796035751
0.12,15,0.0016556914369582954
0.12,16,0.0018679483684592157
0.13,intercept,0.013485034276446881
0.13,1,0.008010750968816942
0.13,2,0.009988612943823668
0.13,3,0.015795491078338934
0.13,4,0.002173719132468015
0.13,5,0.003561546337211308
0.13,6,0.0011936580372437656
0.13,7,0.007195229099184912
0.13,8,0.01565050933228786
0.13,9,-0.005116129439574845
0.13,10,0.15267583730002882
0.13,11,0.008379182468443644
0.13,12,0.002204205403114898
0.13,13,-0.002091037410707472
0.13,14,0.0013931840783842483
0.13,15,0.0016034630184696744
0.13,16,0.0017662733768743035
0.14,intercept,0.01365838558059383
0.14,1,0.007237721610691909
0.14,2,0.010017887759136207
0.14,3,0.01622406549808393
0.14,4,0.003524678880752654
0.14,5,0.004072196193538647
0.14,6,0.0007113481841151154
0.14,7,0.007018944615866084
0.14,8,0.014398188331840193
0.14,9,-0.004707731707326629
0.14,10,0.16200464088981892
0.14,11,0.007923806345038557
0.14,12,0.0021983095704928494
0.14,13,-0.002180068409533924
0.14,14,0.0013884246598543301
0.14,15,0.0015579313809282638
0.14,16,0.0016834282554335374
0.15,intercept,0.013793992389937467
0.15,1,0.007425868874784876
0.15,2,0.00924752072152864
0.15,3,0.01714757958395407
0.15,4,0.003723381372268175
0.15,5,0.0038445897627828345
0.15,6,0.0010471463891035758
0.15,7,0.006160462758688452
0.15,8,0.016319968488740278
0.15,9,-0.006754965684271559
0.15,10,0.1695861431273609
0.15,11,0.008538997213846926
0.15,12,0.0021788189447227552
0.15,13,-0.002223758829279253
0.15,14,0.0014271827337843104
0.15,15,0.0015169297048044199
0.15,16,0.0016466007984631214
0.16,intercept,0.013869443539010264
0.16,1,0.006806827764396361
0.16,2,0.009590306201706164
0.16,3,0.017357073003764975
0.16,4,0.005338075322372493
0.16,5,0.0032558164117601537
0.16,6,0.0011706367027418342
0.16,7,0.005438316611683778
0.16,8,0.016497018591403085
0.16,9,-0.009762029094971682
0.16,10,0.18195255378612887
0.16,11,0.008733938190815265
0.16,12,0.00258933389880115
0.16,13,-0.0022778930739871294
0.16,14,0.0014196643229035168
0.16,15,0.0014806089009676837
0.16,16,0.0015786935303517418
0.17,intercept,0.014058648054272642
0.17,1,0.006578821167514723
0.17,2,0.010276058152054702
0.17,3,0.01702727214344964
0.17,4,0.004721542250429849
0.17,5,0.005101807496238789
0.17,6,9.540310813340413e-5
0.17,7,0.0038745242827921945
0.17,8,0.017307906849911143
0.17,9,-0.009403139159912987
0.17,10,0.18922979277795
0.17,11,0.008692192081237666
0.17,12,0.0025686510885835675
0.17,13,-0.0023956467493247945
0.17,14,0.0014213940078687465
0.17,15,0.0014503906012114929
0.17,16,0.0015795147173411036
0.18,intercept,0.01416672210253537
0.18,1,0.006303614637613343
0.18,2,0.010517481371973586
0.18,3,0.01655202535031422
0.18,4,0.0050664843949383715
0.18,5,0.005696275885044967
0.18,6,-0.00030881516411693797
0.18,7,0.003914493451343108
0.18,8,0.017635536381421315
0.18,9,-0.011433593543483857
0.18,10,0.1996382805387774
0.18,11,0.009038821467494294
0.18,12,0.0020110132924629617
0.18,13,-0.002446937580123012
0.18,14,0.0014381210103948945
0.18,15,0.0014153694222257237
0.18,16,0.001543870790136207
0.19,intercept,0.014278577148127239
0.19,1,0.006039722242018261
0.19,2,0.010666096204727665
0.19,3,0.016077287408797387
0.19,4,0.006135895484578549
0.19,5,0.00535494635755985
0.19,6,-0.00011811311173642515
0.19,7,0.003068923419756749
0.19,8,0.017975866719196404
0.19,9,-0.01136127812442521
0.19,10,0.20774270030427266
0.19,11,0.008847863503268416
0.19,12,0.0022979926790939395
0.19,13,-0.0025414573447579748
0.19,14,0.0013948746859266986
0.19,15,0.001395320939956781
0.19,16,0.0015423375662650827
0.2,intercept,0.014361217346385001
0.2,1,0.006593696724028623
0.2,2,0.010145209421770097
0.2,3,0.016409550999617474
0.2,4,0.00544939075890899
0.2,5,0.006762916337877731
0.2,6,-0.001664697301499742
0.2,7,0.004291984488525855
0.2,8,0.017224212219567374
0.2,9,-0.010946351467047184
0.2,10,0.21736555440294203
0.2,11,0.009143790075224778
0.2,12,0.0018395729604898598
0.2,13,-0.0025507073091687953
0.2,14,0.0014174122295482466
0.2,15,0.0013619917124854618
0.2,16,0.0015293731435999068
0.21,intercept,0.014374966728437513
0.21,1,0.006151316325085969
0.21,2,0.01010892569540257
0.21,3,0.016090985526007136
0.21,4,0.0057710199622381005
0.21,5,0.006285201000849254
0.21,6,0.0004597356924085204
0.21,7,0.0032974908214903112
0.21,8,0.01759125448580341
0.21,9,-0.011726159766271185
0.21,10,0.22892696241048685
0.21,11,0.008803005815027024
0.21,12,0.001855495272515119
0.21,13,-0.0026218885479531774
0.21,14,0.0014125013004073325
0.21,15,0.001370406335297901
0.21,16,0.0014837586733630773
0.22,intercept,0.014486942965934007
0.22,1,0.006064753652060096
0.22,2,0.010466056678252593
0.22,3,0.015715726588802804
0.22,4,0.0060113901823335885
0.22,5,0.005772567168076854
0.22,6,-0.00027133428807773737
0.22,7,0.004114327352115338
0.22,8,0.017637166455410212
0.22,9,-0.013421488651500318
0.22,10,0.23756962613613816
0.22,11,0.00936198328758208
0.22,12,0.0015591444595712235
0.22,13,-0.002694929966643121
0.22,14,0.0013796479155950966
0.22,15,0.001403265750799266
0.22,16,0.0014703667507015969
0.23,intercept,0.014498511549838843
0.23,1,0.004928002503575466
0.23,2,0.011034777353318457
0.23,3,0.01538602029026112
0.23,4,0.005640459787643823
0.23,5,0.006083352773052501
0.23,6,0.00020342721740021166
0.23,7,0.003342209807957937
0.23,8,0.018253923450525258
0.23,9,-0.014557716185809127
0.23,10,0.24938956784204194
0.23,11,0.009323435890519522
0.23,12,0.0022758211578891444
0.23,13,-0.0027580002569901796
0.23,14,0.001352517702939974
0.23,15,0.0014523987230485058
0.23,16,0.0014454159434633556
0.24,intercept,0.014597329010594438
0.24,1,0.00499728092292163
0.24,2,0.011108308045216075
0.24,3,0.01575485529013796
0.24,4,0.005804417286668414
0.24,5,0.0056354815582341485
0.24,6,-0.0004949507627304711
0.24,7,0.003180426944290257
0.24,8,0.019844600972715107
0.24,9,-0.01703066697530135
0.24,10,0.2593084654507449
0.24,11,0.009020924991017247
0.24,12,0.0019090522786805433
0.24,13,-0.002746584953793122
0.24,14,0.0013265086090588764
0.24,15,0.0014505864119055377
0.24,16,0.0014863398894076128
0.25,intercept,0.014655707081555018
0.25,1,0.0057761301883137595
0.25,2,0.011541163314337445
0.25,3,0.015918774734796484
0.25,4,0.0052964832439316165
0.25,5,0.005639280122824546
0.25,6,-0.00018616533399043735
0.25,7,0.002101812387477941
0.25,8,0.01964689318605405
0.25,9,-0.018273915519901596
0.25,10,0.27082660264119146
0.25,11,0.008756820420976275
0.25,12,0.0020097956473415367
0.25,13,-0.0027756592881645822
0.25,14,0.001304213704317448
0.25,15,0.0014543315223361749
0.25,16,0.0014738399388756573
0.26,intercept,0.014681646763208411
0.26,1,0.00517928282834524
0.26,2,0.012165356273487287
0.26,3,0.015828040891348205
0.26,4,0.006014062412647333
0.26,5,0.005667234133651785
0.26,6,-0.00013021545790952878
0.26,7,0.0019093351432976093
0.26,8,0.018840857950193076
0.26,9,-0.020065332017312698
0.26,10,0.28267666584911105
0.26,11,0.008628390671014083
0.26,12,0.0019562263555265146
0.26,13,-0.002771825584908773
0.26,14,0.0012870172680344537
0.26,15,0.0014665884447917265
0.26,16,0.0014416848706307866
0.27,intercept,0.01468229918326012
0.27,1,0.004863349048768782
0.27,2,0.012308906766364126
0.27,3,0.01606778395555762
0.27,4,0.00557444858065451
0.27,5,0.0054211695819506136
0.27,6,-0.0002987099210602129
0.27,7,0.0024312825870654664
0.27,8,0.018676500031786884
0.27,9,-0.01976644079180936
0.27,10,0.2922964998342331
0.27,11,0.00860826208255378
0.27,12,0.0024700112444984
0.27,13,-0.002734823758667473
0.27,14,0.0012536610980974966
0.27,15,0.001416441985927351
0.27,16,0.0014528591736647628
0.28,intercept,0.014582837455089292
0.28,1,0.0045723350179483644
0.28,2,0.01134254527754738
0.28,3,0.017100525793867727
0.28,4,0.005499288396993575
0.28,5,0.004567405589006164
0.28,6,0.0007499525342957029
0.28,7,0.002544882829776257
0.28,8,0.01879351441738029
0.28,9,-0.02212790608885573
0.28,10,0.30914483444101676
0.28,11,0.008151210533887454
0.28,12,0.0024044166060068367
0.28,13,-0.0027487212668103646
0.28,14,0.0012225686809496643
0.28,15,0.0014138949298895653
0.28,16,0.0014343850925375044
0.29,intercept,0.014582844333170381
0.29,1,0.004455712013215639
0.29,2,0.010963624418659185
0.29,3,0.01744705326405904
0.29,4,0.005579902312872034
0.29,5,0.004010914186631405
0.29,6,0.0006684116944920024
0.29,7,0.0030442178706532493
0.29,8,0.01783865409524205
0.29,9,-0.023009850428622924
0.29,10,0.3209457681566119
0.29,11,0.008126692587769834
0.29,12,0.002315521682640934
0.29,13,-0.0027480916037895885
0.29,14,0.001179862896819313
0.29,15,0.0014029476645946145
0.29,16,0.0014466403265690417
0.3,intercept,0.014611221455859523
0.3,1,0.0044926661661231874
0.3,2,0.01066295499975008
0.3,3,0.018062946644270873
0.3,4,0.005473526119345383
0.3,5,0.004249372334278512
0.3,6,-0.0003959899745954954
0.3,7,0.004483023050781197
0.3,8,0.01741641105853469
0.3,9,-0.023780168537924678
0.3,10,0.3288138513291101
0.3,11,0.008026882144817442
0.3,12,0.0030059446261622323
0.3,13,-0.0026827064044436344
0.3,14,0.0011808339083140406
0.3,15,0.0014016448470528138
0.3,16,0.0014403427155791854
0.31,intercept,0.014651830528000965
0.31,1,0.0036897410123765875
0.31,2,0.010575105233247832
0.31,3,0.018601482765204357
0.31,4,0.00628863783989888
0.31,5,0.004439827465047935
0.31,6,-0.0009305613703197606
0.31,7,0.00406744260060168
0.31,8,0.016775758575118257
0.31,9,-0.02442802702774861
0.31,10,0.33945605270613527
0.31,11,0.007777906977516088
0.31,12,0.002798624706138013
0.31,13,-0.002696544621040082
0.31,14,0.0011130175672344784
0.31,15,0.0013798188707047244
0.31,16,0.0014170103462176045
0.32,intercept,0.01453901348577073
0.32,1,0.003313295823857239
0.32,2,0.010597838486559407
0.32,3,0.019089236063212917
0.32,4,0.006910136059259818
0.32,5,0.0037966615914903443
0.32,6,0.000402100596077098
0.32,7,0.002749380194047157
0.32,8,0.016778629128666706
0.32,9,-0.025955272627589596
0.32,10,0.3552752575675445
0.32,11,0.007184567235776739
0.32,12,0.0023569358472028783
0.32,13,-0.0026707022899042656
0.32,14,0.001006232651291314
0.32,15,0.00137880239065425
0.32,16,0.0013791590259143074
0.33,intercept,0.014489085507631914
0.33,1,0.0027670061308660205
0.33,2,0.010436672839058202
0.33,3,0.018767296486858612
0.33,4,0.007571052373519158
0.33,5,0.0029762060813679518
0.33,6,0.001145388545424575
0.33,7,0.003017034653073136
0.33,8,0.01618608830751372
0.33,9,-0.026590367510827818
0.33,10,0.36796721666547366
0.33,11,0.007163616956103427
0.33,12,0.002187989002080379
0.33,13,-0.0026144811410325885
0.33,14,0.0009934958172405557
0.33,15,0.0012980128564751068
0.33,16,0.0013373091475104744
0.34,intercept,0.01445483237345462
0.34,1,0.0019428864353825382
0.34,2,0.010285949830463232
0.34,3,0.018904062503505712
0.34,4,0.008610550056145253
0.34,5,0.002472610055887432
0.34,6,0.0015293668732293641
0.34,7,0.0030082647340288608
0.34,8,0.015569341732715285
0.34,9,-0.027415313052039796
0.34,10,0.37827289876547987
0.34,11,0.008091256034685688
0.34,12,0.0018650114348299992
0.34,13,-0.002583732155522409
0.34,14,0.0009514672797672032
0.34,15,0.0012726702827931622
0.34,16,0.0013284869848452937
0.35,intercept,0.014361770490445387
0.35,1,0.002008461214631098
0.35,2,0.010155070843461286
0.35,3,0.01867822435153423
0.35,4,0.008629749983121226
0.35,5,0.001772712536591282
0.35,6,0.002204354129731193
0.35,7,0.0026999466833093123
0.35,8,0.015777042210576877
0.35,9,-0.027424646319458
0.35,10,0.3900194282910293
0.35,11,0.008180332570941747
0.35,12,0.001920417635928664
0.35,13,-0.002565902942620163
0.35,14,0.0009270451324317612
0.35,15,0.0012151246562331908
0.35,16,0.001280590927406915
0.36,intercept,0.014353973485432898
0.36,1,0.0021956880036702164
0.36,2,0.010071479336854068
0.36,3,0.01852389155801241
0.36,4,0.008310231082997178
0.36,5,0.0019905674161640424
0.36,6,0.002589974669229627
0.36,7,0.002155266608575677
0.36,8,0.014985116561272358
0.36,9,-0.02691183437249142
0.36,10,0.3995712786040381
0.36,11,0.008051885207565973
0.36,12,0.0022783673140443234
0.36,13,-0.002532403723370947
0.36,14,0.0008828834885075784
0.36,15,0.0011751128452177698
0.36,16,0.00126467010631022
0.37,intercept,0.014265764526462782
0.37,1,0.0024058189152014247
0.37,2,0.009451440026175427
0.37,3,0.01898718739359392
0.37,4,0.008342363424823087
0.37,5,0.0015056831219244099
0.37,6,0.002395178294947279
0.37,7,0.003421010887937067
0.37,8,0.01382589165006845
0.37,9,-0.02614974109170651
0.37,10,0.4092987113954881
0.37,11,0.008116919383798627
0.37,12,0.0024202123780994803
0.37,13,-0.002495687593098253
0.37,14,0.0008468515322768797
0.37,15,0.001131200275496528
0.37,16,0.0012436226377763732
0.38,intercept,0.014088360160316522
0.38,1,0.00188600899135242
0.38,2,0.009249509202985283
0.38,3,0.018698777919460258
0.38,4,0.007913001458443349
0.38,5,0.001993272923561433
0.38,6,0.002795034561917278
0.38,7,0.0035466256321656214
0.38,8,0.014621012246128386
0.38,9,-0.027942678264222618
0.38,10,0.425462667596149
0.38,11,0.00791392927208541
0.38,12,0.002308924103179014
0.38,13,-0.0024148704750982675
0.38,14,0.0008031260185380578
0.38,15,0.001123603442084833
0.38,16,0.0011632236735144678
0.39,intercept,0.013914386932188239
0.39,1,0.0018565582098639113
0.39,2,0.008646452909349405
0.39,3,0.01919450225008874
0.39,4,0.008114159535360287
0.39,5,0.0014184204966551598
0.39,6,0.0030369982296306482
0.39,7,0.0028262227717055534
0.39,8,0.016472913921549117
0.39,9,-0.027535067669356008
0.39,10,0.43760640122010813
0.39,11,0.0077690734201310355
0.39,12,0.0023240233760711063
0.39,13,-0.002386861683621364
0.39,14,0.0007150396640070565
0.39,15,0.0010742696209779768
0.39,16,0.0011319668453183694
0.4,intercept,0.013920002639484888
0.4,1,0.001360331397761785
0.4,2,0.008805842658069425
0.4,3,0.01903312960032243
0.4,4,0.008193559610355242
0.4,5,0.001172509876439635
0.4,6,0.0032233795979342865
0.4,7,0.003261079652789121
0.4,8,0.01633899842628904
0.4,9,-0.027487698669332337
0.4,10,0.44491958055461467
0.4,11,0.0077713829498218265
0.4,12,0.002293621641685499
0.4,13,-0.002339838455663934
0.4,14,0.0006747647628311699
0.4,15,0.0010749500323578298
0.4,16,0.0011282270382774761
0.41,intercept,0.013838821837071042
0.41,1,0.0005052611606925695
0.41,2,0.009793488975093276
0.41,3,0.01925641032196571
0.41,4,0.007834003250761262
0.41,5,0.0006421723737417477
0.41,6,0.004348723531001449
0.41,7,0.002604491242859657
0.41,8,0.016680090995758134
0.41,9,-0.028252539618577203
0.41,10,0.45445846418332936
0.41,11,0.008132380887848303
0.41,12,0.0028762767287968723
0.41,13,-0.002325004178534594
0.41,14,0.0006594131043411459
0.41,15,0.0010358772289620947
0.41,16,0.0010923165446579935
0.42,intercept,0.013753552601452146
0.42,1,0.0008014844505446834
0.42,2,0.009693441629790174
0.42,3,0.019120636184201668
0.42,4,0.007942410306820922
0.42,5,0.000862969509896442
0.42,6,0.004013091999068588
0.42,7,0.002428475263200365
0.42,8,0.017041544909488976
0.42,9,-0.02941577922960909
0.42,10,0.465447050928164
0.42,11,0.007847908585459244
0.42,12,0.0032081466196896414
0.42,13,-0.0022725540955444877
0.42,14,0.0006035463930847314
0.42,15,0.0010241450033397666
0.42,16,0.0010316629942115645
0.43,intercept,0.013657954136317414
0.43,1,0.0006550848873914903
0.43,2,0.009984088482312891
0.43,3,0.019125974504700567
0.43,4,0.008048846479313478
0.43,5,0.0006103790427235702
0.43,6,0.003981379964880289
0.43,7,0.0020163734370234106
0.43,8,0.0166811787330848
0.43,9,-0.030168270013275905
0.43,10,0.476719928518324
0.43,11,0.008127824850991882
0.43,12,0.003309884045729899
0.43,13,-0.002232535585645371
0.43,14,0.0005669930551409746
0.43,15,0.0010167777682998265
0.43,16,0.0009939806976971448
0.44,intercept,0.013446154503247973
0.44,1,0.00032460101634768123
0.44,2,0.01002601687080404
0.44,3,0.018549086514050874
0.44,4,0.008236628144884942
0.44,5,0.0008399571825893766
0.44,6,0.00337514124194281
0.44,7,0.0026659062272793334
0.44,8,0.016294285689877237
0.44,9,-0.029649027317758335
0.44,10,0.4909329077085787
0.44,11,0.008387962620518772
0.44,12,0.00315878664182628
0.44,13,-0.0021554855861107983
0.44,14,0.0005069704870762334
0.44,15,0.000998508281861278
0.44,16,0.0009549593557542144
0.45,intercept,0.01324250812462897
0.45,1,-6.620709835181042e-5
0.45,2,0.009969309992246206
0.45,3,0.01816275711155279
0.45,4,0.009216248663293533
0.45,5,0.0007043679502245474
0.45,6,0.0035613123969844875
0.45,7,0.0025760062664764824
0.45,8,0.015578879386714012
0.45,9,-0.030226237424229762
0.45,10,0.5051238115405183
0.45,11,0.008404573481209184
0.45,12,0.0036579662591451774
0.45,13,-0.002075533879740359
0.45,14,0.0004696151849003645
0.45,15,0.0010012472314499185
0.45,16,0.0009286063993930735
0.46,intercept,0.013216597490338855
0.46,1,0.0002040364799296841
0.46,2,0.009562534111069283
0.46,3,0.01891787606343269
0.46,4,0.009623856112978448
0.46,5,0.00030776333151485264
0.46,6,0.0034860891805189903
0.46,7,0.0034038548635931505
0.46,8,0.015272304656527543
0.46,9,-0.031380261071659046
0.46,10,0.5123391940411801
0.46,11,0.00855728638314617
0.46,12,0.003945447341094795
0.46,13,-0.0020450384830797276
0.46,14,0.0004419807233488687
0.46,15,0.0009497866068368509
0.46,16,0.0008932737880255325
0.47,intercept,0.013023305191399982
0.47,1,-0.0004602136968482277
0.47,2,0.009116049278472716
0.47,3,0.019553950843785313
0.47,4,0.009068859702327294
0.47,5,0.0004274963318841071
0.47,6,0.0036173179331730537
0.47,7,0.0033142544267322203
0.47,8,0.014783949561358525
0.47,9,-0.031464413114437935
0.47,10,0.5268574287572293
0.47,11,0.008575767758087953
0.47,12,0.0038645198018020946
0.47,13,-0.00200034946555642
0.47,14,0.00041106456896347117
0.47,15,0.0009016794634198238
0.47,16,0.0008884148417573041
0.48,intercept,0.012986692879507657
0.48,1,-0.0008559587333435746
0.48,2,0.009183277591482962
0.48,3,0.019809891431362796
0.48,4,0.009363155440040101
0.48,5,-0.00020838640407039405
0.48,6,0.004005933726736674
0.48,7,0.002607691416260437
0.48,8,0.014909476498275507
0.48,9,-0.03190193636804081
0.48,10,0.5362625910692713
0.48,11,0.008603110122001182
0.48,12,0.0037802899423497417
0.48,13,-0.001960992527735936
0.48,14,0.000374637538099912
0.48,15,0.0008758231847186498
0.48,16,0.0008678022326761704
0.49,intercept,0.012837467002857312
0.49,1,-0.0002607710897059747
0.49,2,0.0083770089464459
0.49,3,0.020376070765549165
0.49,4,0.008822091133686562
0.49,5,0.0005901239515348058
0.49,6,0.0037265641972096023
0.49,7,0.001989613177170777
0.49,8,0.014857989965068702
0.49,9,-0.032268484021763306
0.49,10,0.5488743855027003
0.49,11,0.00862316896794231
0.49,12,0.003911032653555869
0.49,13,-0.0019211452307090501
0.49,14,0.000345002791818451
0.49,15,0.0008275651181549422
0.49,16,0.0008235425576580095
0.5,intercept,0.012672446463962195
0.5,1,-0.0006761937356122778
0.5,2,0.0075838584676614414
0.5,3,0.02088095713240729
0.5,4,0.009298808159965167
0.5,5,0.0002284558943786938
0.5,6,0.003608130969816862
0.5,7,0.002820181022741979
0.5,8,0.014434484141671733
0.5,9,-0.031517989004271135
0.5,10,0.5593373620042461
0.5,11,0.009330256924470086
0.5,12,0.004047754796737546
0.5,13,-0.0018818558894189493
0.5,14,0.0002922997325949716
0.5,15,0.0007971088855283255
0.5,16,0.000791619763572185
0.51,intercept,0.012557335966896692
0.51,1,-0.0006982211155757562
0.51,2,0.006751142218998892
0.51,3,0.02080837932098627
0.51,4,0.008853682596934705
0.51,5,0.0009082842256825717
0.51,6,0.0035310916000592186
0.51,7,0.0024553656799101925
0.51,8,0.01421943379347114
0.51,9,-0.031290716158993426
0.51,10,0.5716814893299782
0.51,11,0.009452096610246622
0.51,12,0.004402444408575519
0.51,13,-0.00184755072249706
0.51,14,0.0002422805282948239
0.51,15,0.0007552668492157816
0.51,16,0.0007671551688525451
0.52,intercept,0.012384336193589172
0.52,1,-0.001215074732826273
0.52,2,0.0069870478330045565
0.52,3,0.02037468466529853
0.52,4,0.009014658376078837
0.52,5,0.0011645778117472182
0.52,6,0.0034946084577258925
0.52,7,0.0022908134557223145
0.52,8,0.012877116552790923
0.52,9,-0.02908480950036985
0.52,10,0.5834447445328523
0.52,11,0.009544139252620468
0.52,12,0.004785847877604561
0.52,13,-0.0017705299826912659
0.52,14,0.00022077671902315506
0.52,15,0.0007173650040386073
0.52,16,0.0007469141551634109
0.53,intercept,0.012182997511593246
0.53,1,-0.0014611569896851504
0.53,2,0.006810281321743283
0.53,3,0.020739850429970955
0.53,4,0.008413319033533994
0.53,5,0.0007640037429744426
0.53,6,0.003514803865178697
0.53,7,0.0033472203298348
0.53,8,0.012445641063877024
0.53,9,-0.028992437290708266
0.53,10,0.5960840535016985
0.53,11,0.010434994783257514
0.53,12,0.004360096631892299
0.53,13,-0.0017542526848845063
0.53,14,0.00017054952249247318
0.53,15,0.000658185958908885
0.53,16,0.0007096693526663284
0.54,intercept,0.012122153655572695
0.54,1,-0.001876307935724769
0.54,2,0.0064636014668240545
0.54,3,0.020202548635343164
0.54,4,0.00860055480105037
0.54,5,0.001695994568277553
0.54,6,0.0030027585768407786
0.54,7,0.0032452440059929197
0.54,8,0.012161258023125478
0.54,9,-0.02813459208639899
0.54,10,0.6059670803941275
0.54,11,0.010321093347563967
0.54,12,0.004500519876783259
0.54,13,-0.001706160310616067
0.54,14,0.0001242940600747475
0.54,15,0.0006187615519494191
0.54,16,0.0007064615294108826
0.55,intercept,0.012037792590807414
0.55,1,-0.002511063680312702
0.55,2,0.007437346418087343
0.55,3,0.01949069168262226
0.55,4,0.010289271104078726
0.55,5,0.0008871378571927312
0.55,6,0.0030648312516198
0.55,7,0.003098646349275761
0.55,8,0.011292944960575854
0.55,9,-0.027827905894234464
0.55,10,0.6163037155432052
0.55,11,0.010555961205557638
0.55,12,0.004342145661056962
0.55,13,-0.0016834464096512434
0.55,14,9.35149910440173e-5
0.55,15,0.0006003909275355251
0.55,16,0.0006723805912665463
0.56,intercept,0.011898772210301223
0.56,1,-0.003097038168621347
0.56,2,0.00778093161534759
0.56,3,0.018922374212412878
0.56,4,0.010899221778963911
0.56,5,0.0011278579586534883
0.56,6,0.0029891405933618804
0.56,7,0.0039359698866165155
0.56,8,0.009967052304158983
0.56,9,-0.026134438468113665
0.56,10,0.6267110478006093
0.56,11,0.010624087877649542
0.56,12,0.004491033339507731
0.56,13,-0.0016152149283122812
0.56,14,6.33055134480996e-5
0.56,15,0.000557674536910488
0.56,16,0.0006243935563956403
0.57,intercept,0.011704462912611154
0.57,1,-0.0031779493299411185
0.57,2,0.007247476974532388
0.57,3,0.01874025746124542
0.57,4,0.010090923962798136
0.57,5,0.0008271741559050933
0.57,6,0.003884729331288627
0.57,7,0.003087016152133957
0.57,8,0.009365617944200433
0.57,9,-0.026061339034186146
0.57,10,0.6423689234421613
0.57,11,0.010996344609837587
0.57,12,0.004521981969083971
0.57,13,-0.001592885465878735
0.57,14,8.044180639381086e-6
0.57,15,0.0005482801077441746
0.57,16,0.0006130990278064261
0.58,intercept,0.01157627803695799
0.58,1,-0.0032613633005032215
0.58,2,0.0062620073108469836
0.58,3,0.019870472516034736
0.58,4,0.009625331216312179
0.58,5,0.0013589989861658705
0.58,6,0.0037193802225074226
0.58,7,0.003605687086234756
0.58,8,0.008693974607748461
0.58,9,-0.025394293718743625
0.58,10,0.653018492870961
0.58,11,0.010883697493689334
0.58,12,0.004503533661794824
0.58,13,-0.0015360894752026585
0.58,14,-5.1236409246028364e-5
0.58,15,0.0005342438814853103
0.58,16,0.0005555456803225892
0.59,intercept,0.011531661637337518
0.59,1,-0.0037032471120448736
0.59,2,0.006126518282702359
0.59,3,0.020053146339486058
0.59,4,0.009734998240799073
0.59,5,0.0010299682414516753
0.59,6,0.004351282630169351
0.59,7,0.0035433982068578764
0.59,8,0.009044150606811302
0.59,9,-0.02620646461444754
0.59,10,0.6612762919443682
0.59,11,0.010766068274161864
0.59,12,0.005405202454661281
0.59,13,-0.001529296732053215
0.59,14,-8.523509843276963e-5
0.59,15,0.0005362157536133471
0.59,16,0.0005156025050922901
0.6,intercept,0.011434283829266425
0.6,1,-0.003968753581372484
0.6,2,0.005712591136620182
0.6,3,0.020687291362241914
0.6,4,0.009292120749688073
0.6,5,0.0018814047604641937
0.6,6,0.003834174072494334
0.6,7,0.0035800676191791846
0.6,8,0.008818634033213348
0.6,9,-0.026477187788468432
0.6,10,0.6715671554568181
0.6,11,0.011131996161145533
0.6,12,0.006022882218780822
0.6,13,-0.0015044131846418095
0.6,14,-0.00010811410384655928
0.6,15,0.0005160086271086447
0.6,16,0.0005209786947256974
0.61,intercept,0.01126492716533553
0.61,1,-0.004121081112886393
0.61,2,0.005405231477178293
0.61,3,0.021010330751107413
0.61,4,0.009748922528376402
0.61,5,0.0011959733706049275
0.61,6,0.004074738323366029
0.61,7,0.003202110868878919
0.61,8,0.009034424403581745
0.61,9,-0.026812421146553835
0.61,10,0.6847978763441049
0.61,11,0.011542445325174072
0.61,12,0.005753209859631586
0.61,13,-0.0014245711475674762
0.61,14,-0.0001759746228837678
0.61,15,0.00046440628237764346
0.61,16,0.00044801201818875803
0.62,intercept,0.011088630333991255
0.62,1,-0.004257949877768473
0.62,2,0.005197552531097433
0.62,3,0.021289387462284846
0.62,4,0.009411997431871532
0.62,5,0.001181036181360791
0.62,6,0.003800110636777724
0.62,7,0.0037370032343278466
0.62,8,0.009177031352169044
0.62,9,-0.027138003807029815
0.62,10,0.6970961539480727
0.62,11,0.012210334351079212
0.62,12,0.0063246044875872945
0.62,13,-0.0013494922564103195
0.62,14,-0.00019724130849406636
0.62,15,0.0004384680970072188
0.62,16,0.0004451534277599284
0.63,intercept,0.010927834506642035
0.63,1,-0.004467043080658554
0.63,2,0.00476689215095732
0.63,3,0.021061093946941927
0.63,4,0.008943721449552359
0.63,5,0.001341508649790104
0.63,6,0.003783672069658101
0.63,7,0.0028232689141745645
0.63,8,0.008710788121272623
0.63,9,-0.02736529954849439
0.63,10,0.7134575435996714
0.63,11,0.012300302304363693
0.63,12,0.006155689443900154
0.63,13,-0.0012979756088435529
0.63,14,-0.000245477776455781
0.63,15,0.0003841842964569265
0.63,16,0.000432240844428269
0.64,intercept,0.010857296808956276
0.64,1,-0.004144714503140347
0.64,2,0.004186068539399122
0.64,3,0.021643126725129785
0.64,4,0.009087725284133635
0.64,5,0.0013783864429549968
0.64,6,0.003516105309415193
0.64,7,0.0028369612272183937
0.64,8,0.008885194988037495
0.64,9,-0.027803504376149032
0.64,10,0.7241951532379446
0.64,11,0.012470748644330685
0.64,12,0.005850377997790098
0.64,13,-0.0012350716604798122
0.64,14,-0.000315494747724331
0.64,15,0.0003548733844442538
0.64,16,0.00039576516800530017
0.65,intercept,0.010721458232944629
0.65,1,-0.004205978420146139
0.65,2,0.003676264107790061
0.65,3,0.022282953968327048
0.65,4,0.00944931235262742
0.65,5,0.0009700011068028806
0.65,6,0.003182117497564083
0.65,7,0.0036063189736895685
0.65,8,0.009459408033089953
0.65,9,-0.028217950057273705
0.65,10,0.734693018660167
0.65,11,0.012424921062104192
0.65,12,0.006620752586765739
0.65,13,-0.0011634019591217053
0.65,14,-0.0003384204039685483
0.65,15,0.00031485763944706646
0.65,16,0.00039106912267803
0.66,intercept,0.010610767896032406
0.66,1,-0.0050333375356424815
0.66,2,0.003905192268288141
0.66,3,0.021553998194537963
0.66,4,0.011169781191941062
0.66,5,0.0005659484757448152
0.66,6,0.00429728519827964
0.66,7,0.004455963396749863
0.66,8,0.007972960280863384
0.66,9,-0.027930373340307485
0.66,10,0.7455672879291317
0.66,11,0.012161653072311256
0.66,12,0.007495804306538959
0.66,13,-0.0010594262784637926
0.66,14,-0.0004005572331956718
0.66,15,0.00025262360988745174
0.66,16,0.00040160410053147427
0.67,intercept,0.010395093117886372
0.67,1,-0.005911999447346697
0.67,2,0.004280554128098695
0.67,3,0.02166262283356252
0.67,4,0.011324400132134222
0.67,5,0.001928619101895328
0.67,6,0.005053074189809644
0.67,7,0.003567241403051163
0.67,8,0.007692301117447201
0.67,9,-0.029239299866888273
0.67,10,0.7614303788355538
0.67,11,0.01216519228026301
0.67,12,0.007521352219472008
0.67,13,-0.0009758175628890766
0.67,14,-0.0004611722180275697
0.67,15,0.0001913460988353287
0.67,16,0.00036329657898521577
0.68,intercept,0.010130519616997463
0.68,1,-0.005931338445450197
0.68,2,0.0035135696634541642
0.68,3,0.02241298838039764
0.68,4,0.011554327994510886
0.68,5,0.0019716404146087646
0.68,6,0.00593494004807343
0.68,7,0.003501910744153471
0.68,8,0.007079800287324074
0.68,9,-0.030296084050007156
0.68,10,0.7774690568239245
0.68,11,0.012696007405330773
0.68,12,0.00859922856455188
0.68,13,-0.0008788705443918839
0.68,14,-0.0005031678514000917
0.68,15,0.00016851404714631393
0.68,16,0.00032926560252666325
0.69,intercept,0.009999401968303148
0.69,1,-0.006410647229223379
0.69,2,0.0032681679609621954
0.69,3,0.023270002502514684
0.69,4,0.011644102073812716
0.69,5,0.0008032210852613596
0.69,6,0.00841110612590426
0.69,7,0.0027316467762073223
0.69,8,0.006884081633179268
0.69,9,-0.03173474376692712
0.69,10,0.7912000870607978
0.69,11,0.012791869808548151
0.69,12,0.00910393975620773
0.69,13,-0.0007940628152891625
0.69,14,-0.0005961601341778812
0.69,15,0.0001825923356434027
0.69,16,0.0002720418582347434
0.7,intercept,0.01002607809729811
0.7,1,-0.006667813613421532
0.7,2,0.004214375364211143
0.7,3,0.023625795318598857
0.7,4,0.011931443288827396
0.7,5,0.00096829827170489
0.7,6,0.008002343681706237
0.7,7,0.0018924987398946439
0.7,8,0.007279655972236507
0.7,9,-0.03249056535215777
0.7,10,0.7992132677907369
0.7,11,0.012791022742014565
0.7,12,0.00956480970226058
0.7,13,-0.0007864085899001281
0.7,14,-0.0006475701397112419
0.7,15,0.0001763137019058815
0.7,16,0.00023366791347495698
0.71,intercept,0.009912093689168136
0.71,1,-0.0072149757947048785
0.71,2,0.004390411889003306
0.71,3,0.023403134947697034
0.71,4,0.012449575365699532
0.71,5,0.0006073242962928138
0.71,6,0.008094142625393973
0.71,7,0.0017187775298338334
0.71,8,0.006840110285810469
0.71,9,-0.03312171466791341
0.71,10,0.8121629746766779
0.71,11,0.012921500193598293
0.71,12,0.010757311393487963
0.71,13,-0.0007303554766917183
0.71,14,-0.0006921606422512849
0.71,15,0.00015917705346476596
0.71,16,0.00016683731846417403
0.72,intercept,0.00970450559856422
0.72,1,-0.007429448300177406
0.72,2,0.003424373407282312
0.72,3,0.023664051635358906
0.72,4,0.013100388818626418
0.72,5,0.00017016275019969857
0.72,6,0.009594528095297797
0.72,7,0.0017329141719141846
0.72,8,0.006273609568979145
0.72,9,-0.034448037156208366
0.72,10,0.8301059929321675
0.72,11,0.012510220496629884
0.72,12,0.010838145323216712
0.72,13,-0.0006370208473608243
0.72,14,-0.0007802559845689991
0.72,15,0.0001228052906060359
0.72,16,9.527374182198046e-5
0.73,intercept,0.009559717983096053
0.73,1,-0.007220463955373966
0.73,2,0.002598542395857043
0.73,3,0.02334529891423353
0.73,4,0.013534526286027325
0.73,5,8.211311584229246e-5
0.73,6,0.010421799553076767
0.73,7,0.0028769092085088564
0.73,8,0.005611864075209658
0.73,9,-0.03481302024167756
0.73,10,0.84212199575318
0.73,11,0.012990607073901551
0.73,12,0.011835611974386187
0.73,13,-0.0005665053593583992
0.73,14,-0.0008174699190398784
0.73,15,0.00010662407650216185
0.73,16,7.625974536296036e-5
0.74,intercept,0.009287161934584648
0.74,1,-0.0074705738724173045
0.74,2,0.0007795412284884881
0.74,3,0.026792872498495303
0.74,4,0.012850377558644094
0.74,5,-0.0006120244141111788
0.74,6,0.013642964760600874
0.74,7,0.0023553413409787135
0.74,8,0.005155557422355342
0.74,9,-0.03649597866761716
0.74,10,0.8589824242299663
0.74,11,0.013596042442329323
0.74,12,0.013328367353003516
0.74,13,-0.00047128411583929886
0.74,14,-0.0008966566809245795
0.74,15,5.904088237280308e-5
0.74,16,4.098098324526074e-5
0.75,intercept,0.009132329388614776
0.75,1,-0.0077120230146120764
0.75,2,0.00040392163874457065
0.75,3,0.02780374351386831
0.75,4,0.013457038374807157
0.75,5,-6.877932899672453e-5
0.75,6,0.01432106291728792
0.75,7,0.002631205394898121
0.75,8,0.0060153847649040346
0.75,9,-0.03834401454944704
0.75,10,0.8716103669488093
0.75,11,0.013718193506825288
0.75,12,0.013919935850176956
0.75,13,-0.00039323423033671407
0.75,14,-0.0009312697484449836
0.75,15,1.5213144887424546e-5
0.75,16,5.426232139178642e-5
0.76,intercept,0.008934727433689244
0.76,1,-0.0077868035883912655
0.76,2,-0.0013664904187455113
0.76,3,0.0275605996826453
0.76,4,0.014776941366369358
0.76,5,0.0011168486198501488
0.76,6,0.015526243114474998
0.76,7,0.0038110895640976515
0.76,8,0.004042209139743251
0.76,9,-0.03742671329507848
0.76,10,0.8863521651014857
0.76,11,0.013551034717281665
0.76,12,0.014688787302928791
0.76,13,-0.000325603758466218
0.76,14,-0.0010260839599235832
0.76,15,-5.600276391347879e-5
0.76,16,-1.2217600804337608e-5
0.77,intercept,0.008604186809860621
0.77,1,-0.008243403130603628
0.77,2,-0.0026197167283880892
0.77,3,0.029187961568951672
0.77,4,0.015313183932062865
0.77,5,0.002978427044604231
0.77,6,0.01576110012880635
0.77,7,0.003361256822461946
0.77,8,0.004826001349289461
0.77,9,-0.03982517620093071
0.77,10,0.9075393168223911
0.77,11,0.01301879347792664
0.77,12,0.01542245873285535
0.77,13,-0.00021634449595395546
0.77,14,-0.0010930723778428406
0.77,15,-9.724380018698124e-5
0.77,16,-5.821832633469574e-5
0.78,intercept,0.00841575116468146
0.78,1,-0.008749857895841526
0.78,2,-0.0032868834324106116
0.78,3,0.029580109407877184
0.78,4,0.017326910589432774
0.78,5,0.003884178871234059
0.78,6,0.017104199701615783
0.78,7,0.002772551222486328
0.78,8,0.003478453603698587
0.78,9,-0.04084447893465299
0.78,10,0.9220327319645886
0.78,11,0.013304087411249717
0.78,12,0.016748106966712875
0.78,13,-0.0001857475633275465
0.78,14,-0.0011604224726690215
0.78,15,-9.765013864177974e-5
0.78,16,-8.966105987213523e-5
0.79,intercept,0.008088247670416524
0.79,1,-0.009968235842101101
0.79,2,-0.002891681976253244
0.79,3,0.031567221237491026
0.79,4,0.019936797119532956
0.79,5,0.001574307145977604
0.79,6,0.022183084366664125
0.79,7,0.0009080103429912419
0.79,8,0.003983622282096709
0.79,9,-0.04156657883799674
0.79,10,0.9336913343571676
0.79,11,0.016205967064991802
0.79,12,0.018777505490067337
0.79,13,-0.00010859305195045131
0.79,14,-0.0011692059104621256
0.79,15,-0.0001456031990430254
0.79,16,-0.00013331880113099878
0.8,intercept,0.007835095882510716
0.8,1,-0.01105208827352345
0.8,2,-0.0029809590833312846
0.8,3,0.03356752399981365
0.8,4,0.01972066489457024
0.8,5,0.005244637682550668
0.8,6,0.022539627044975412
0.8,7,0.00020382916740130694
0.8,8,0.004076763788794568
0.8,9,-0.0426752903571589
0.8,10,0.9446840705546323
0.8,11,0.019079554161548086
0.8,12,0.020676333801556472
0.8,13,-7.05833291769605e-5
0.8,14,-0.0012156941523374075
0.8,15,-0.00015245111653856616
0.8,16,-0.00014308241187408174
0.81,intercept,0.007494548790657374
0.81,1,-0.011732624647200386
0.81,2,-0.0032189949163344807
0.81,3,0.034533374177935804
0.81,4,0.02596733686786603
0.81,5,0.007915930724410635
0.81,6,0.023474412120558657
0.81,7,-7.851964653584156e-6
0.81,8,0.0025469363390706232
0.81,9,-0.04214492804245468
0.81,10,0.9548694089062828
0.81,11,0.02240051299476332
0.81,12,0.020669228494446357
0.81,13,-1.829238787309639e-5
0.81,14,-0.0013707636731861508
0.81,15,-0.000202616279451979
0.81,16,-0.00022964252980896757
0.82,intercept,0.0071194074640958055
0.82,1,-0.01251722673666207
0.82,2,-0.00484958142607771
0.82,3,0.03633305432680484
0.82,4,0.027048594843123625
0.82,5,0.007704591934263706
0.82,6,0.025267278173810425
0.82,7,-5.385100051331537e-6
0.82,8,0.004328013722955225
0.82,9,-0.04411517661213679
0.82,10,0.9690051382588618
0.82,11,0.026734994332402617
0.82,12,0.024951149517589356
0.82,13,3.843738365058826e-5
0.82,14,-0.001438634529231597
0.82,15,-0.00030680519754065284
0.82,16,-0.00019299921377236937
0.83,intercept,0.006637294326215396
0.83,1,-0.013327462392246655
0.83,2,-0.005392786476206653
0.83,3,0.03846711178676622
0.83,4,0.029629540961104817
0.83,5,0.00918810271963438
0.83,6,0.02830618454081484
0.83,7,3.4469401269023493e-5
0.83,8,0.001186269403659149
0.83,9,-0.043759495984271105
0.83,10,0.9849704415102756
0.83,11,0.03432160542843264
0.83,12,0.025159925192761043
0.83,13,0.00010591007575095559
0.83,14,-0.001594703732418961
0.83,15,-0.0003956251133305862
0.83,16,-0.0002723983257361649
0.84,intercept,0.006000812383147658
0.84,1,-0.014386255301473458
0.84,2,-0.005178528201264428
0.84,3,0.039653120440745426
0.84,4,0.031350556542776575
0.84,5,0.011284483503565996
0.84,6,0.03695481546509859
0.84,7,0.002174253546788408
0.84,8,-0.002238042576492184
0.84,9,-0.04495393289357692
0.84,10,1.003623243247653
0.84,11,0.037432002566947155
0.84,12,0.028941250303506288
0.84,13,0.00018825442270798277
0.84,14,-0.0016997247891072501
0.84,15,-0.0004900151879201281
0.84,16,-0.000272794571226449
0.85,intercept,0.005442918558386787
0.85,1,-0.015336535593400915
0.85,2,-0.005355394641821899
0.85,3,0.04360396857161628
0.85,4,0.028600252835433042
0.85,5,0.013410446036889949
0.85,6,0.05199614273082147
0.85,7,-0.000504069280841187
0.85,8,-0.0015911885541363396
0.85,9,-0.047497225841507174
0.85,10,1.0137458296646438
0.85,11,0.04195412104511188
0.85,12,0.034818549529887895
0.85,13,0.0003966672086855212
0.85,14,-0.0018763396590000946
0.85,15,-0.0006560109769094737
0.85,16,-0.00020775107883326907
0.86,intercept,0.004535679816221618
0.86,1,-0.017656333534790628
0.86,2,-0.007160431883633436
0.86,3,0.04173887427161947
0.86,4,0.03149377892024464
0.86,5,0.016326924339065484
0.86,6,0.06690621287398861
0.86,7,-0.0005303474572530176
0.86,8,-0.005495245137012812
0.86,9,-0.05026311425479454
0.86,10,1.0433328412310354
0.86,11,0.048536054339006096
0.86,12,0.04050355429421638
0.86,13,0.0004888517265764954
0.86,14,-0.002143933738024195
0.86,15,-0.0008571775198999605
0.86,16,-0.00029384715998308686
0.87,intercept,0.0033260340896107757
0.87,1,-0.01849031854580087
0.87,2,-0.009889054295873051
0.87,3,0.04615851556691896
0.87,4,0.036020081610720484
0.87,5,0.006488880771462044
0.87,6,0.09768295061456034
0.87,7,-0.0023697522046052357
0.87,8,-0.007842618969830748
0.87,9,-0.0546418644725643
0.87,10,1.0656148201294093
0.87,11,0.05711760212456366
0.87,12,0.05350603559381551
0.87,13,0.0006204307559680884
0.87,14,-0.00251484390273298
0.87,15,-0.0009687880837298264
0.87,16,-0.00042996518006840185
0.88,intercept,0.001330824200041517
0.88,1,-0.020898064626223695
0.88,2,-0.010371699381383702
0.88,3,0.04961927825753795
0.88,4,0.03690634626020747
0.88,5,0.006481821353190682
0.88,6,0.14390102774952754
0.88,7,-0.00746269999974743
0.88,8,-0.012397823330306276
0.88,9,-0.058295968333687796
0.88,10,1.0994241390696184
0.88,11,0.0688523147886452
0.88,12,0.06425078706031509
0.88,13,0.0009411374111579443
0.88,14,-0.002917148737244534
0.88,15,-0.0011821384963708757
0.88,16,-0.0005693976712893112
0.89,intercept,-0.000761003127005195
0.89,1,-0.024175544589932565
0.89,2,-0.009751025253611286
0.89,3,0.049884028270145445
0.89,4,0.03584574281301232
0.89,5,0.003910353823058499
0.89,6,0.18211366753945546
0.89,7,-0.00891549961826732
0.89,8,-0.017921079941302483
0.89,9,-0.05728241872303249
0.89,10,1.1392205654745884
0.89,11,0.08497002434717901
0.89,12,0.07954792874530114
0.89,13,0.0012033237963923053
0.89,14,-0.00324744606078917
0.89,15,-0.0014814617014071742
0.89,16,-0.000700394734054349
0.9,intercept,-0.002977965716071993
0.9,1,-0.027500053905151776
0.9,2,-0.012431134174983701
0.9,3,0.0551628027873165
0.9,4,0.031103085318506883
0.9,5,0.005667697735821727
0.9,6,0.23724102069661485
0.9,7,-0.02017047023275843
0.9,8,-0.021240804949978518
0.9,9,-0.05489240569097447
0.9,10,1.1753503542620942
0.9,11,0.10172867322123808
0.9,12,0.09940281677724472
0.9,13,0.0014389470376682096
0.9,14,-0.0036650499368822463
0.9,15,-0.001925223827851606
0.9,16,-0.0007900658862933096
0.91,intercept,-0.004930579124510878
0.91,1,-0.026430150103428893
0.91,2,-0.014642008956719216
0.91,3,0.05753603661922877
0.91,4,0.029613386397839194
0.91,5,0.006488467706264502
0.91,6,0.26965765951691756
0.91,7,-0.018343415592553983
0.91,8,-0.0248301563826282
0.91,9,-0.05468381534179156
0.91,10,1.2071531567887823
0.91,11,0.12340001328482789
0.91,12,0.12296776910314657
0.91,13,0.0016189491444152336
0.91,14,-0.004316364062125271
0.91,15,-0.002277193622627933
0.91,16,-0.0011381955984140115
0.92,intercept,-0.007126503204940679
0.92,1,-0.027274182705221084
0.92,2,-0.014569703297410926
0.92,3,0.05460213073839289
0.92,4,0.044419997361740696
0.92,5,0.001410524635223567
0.92,6,0.304315718333206
0.92,7,-0.019880901090301127
0.92,8,-0.02704899579608019
0.92,9,-0.05945382532780582
0.92,10,1.2561702299648245
0.92,11,0.13984137023986268
0.92,12,0.1477489249724693
0.92,13,0.0016056506672235931
0.92,14,-0.004915943361724435
0.92,15,-0.002636628713253577
0.92,16,-0.0013728419226511056
0.93,intercept,-0.009168228396236808
0.93,1,-0.03209757692148648
0.93,2,-0.017349287584879632
0.93,3,0.06481014200980309
0.93,4,0.022078672368931407
0.93,5,0.022745422005127296
0.93,6,0.3725495703012212
0.93,7,-0.02625385596436353
0.93,8,-0.03189519240381628
0.93,9,-0.06275683957888986
0.93,10,1.3084993312712776
0.93,11,0.15457309377434367
0.93,12,0.16819355098192318
0.93,13,0.0015642097422332417
0.93,14,-0.005857412165590593
0.93,15,-0.00315535011072594
0.93,16,-0.0015195021163031377
0.94,intercept,-0.011473095480966004
0.94,1,-0.03856529535479609
0.94,2,-0.016689534711459047
0.94,3,0.07210724734186566
0.94,4,0.02543022087584486
0.94,5,0.014987932697874481
0.94,6,0.435787904635386
0.94,7,-0.031415462629127144
0.94,8,-0.0321513276349864
0.94,9,-0.07131614792176472
0.94,10,1.371509589406508
0.94,11,0.2095763249367481
0.94,12,0.18036350838408444
0.94,13,0.001571697627771018
0.94,14,-0.0074506523095447755
0.94,15,-0.003719841718790683
0.94,16,-0.0012984205796202552
0.95,intercept,-0.013378307727264758
0.95,1,-0.04667740899655362
0.95,2,-0.02250487754995561
0.95,3,0.08667964071576759
0.95,4,0.04421127570610501
0.95,5,-0.0021228788514264362
0.95,6,0.5112239585460953
0.95,7,-0.02866340788810701
0.95,8,-0.04157378793010211
0.95,9,-0.06052295948019493
0.95,10,1.4293157462040247
0.95,11,0.24723886711116375
0.95,12,0.20785828533815026
0.95,13,0.0008443821061865482
0.95,14,-0.00996519392599694
0.95,15,-0.00445206022526316
0.95,16,-0.0012892459532830006
0.96,intercept,-0.01283981854502732
0.96,1,-0.05937589642845429
0.96,2,-0.029578304855025262
0.96,3,0.0848503880239571
0.96,4,0.027570859478208233
0.96,5,0.0031213179298741713
0.96,6,0.5945700478376122
0.96,7,-0.03851401801067423
0.96,8,-0.05761547797066255
0.96,9,-0.06129362126890984
0.96,10,1.5173626534502112
0.96,11,0.3117014714196903
0.96,12,0.2882609049663287
0.96,13,-0.0009992178104193577
0.96,14,-0.01500868399414013
0.96,15,-0.005013950329276333
0.96,16,-0.0011390870893675062
0.97,intercept,0.0034624539183356336
0.97,1,-0.07126716953730061
0.97,2,-0.026607811146779212
0.97,3,0.0613731592998374
0.97,4,0.03005085017966766
0.97,5,-0.04509911796779354
0.97,6,0.6473857296827845
0.97,7,-0.06263766038767682
0.97,8,-0.08090322762897342
0.97,9,-0.06401230422693313
0.97,10,1.5979858271212197
0.97,11,0.36457498433751884
0.97,12,0.2862728750196311
0.97,13,-0.0063247827977551034
0.97,14,-0.029635765809854366
0.97,15,-0.00406464322627003
0.97,16,-0.001959246263733286
0.98,intercept,0.033148805733621195
0.98,1,-0.07602992736891731
0.98,2,0.009897180023782893
0.98,3,0.03839385108590802
0.98,4,-0.00711351925594643
0.98,5,0.05280350093580347
0.98,6,0.5855608823905731
0.98,7,-0.03060253278236004
0.98,8,-0.11030494373079887
0.98,9,-0.10966848636486366
0.98,10,1.641482016172787
0.98,11,0.41575999586742723
0.98,12,0.29040641040968357
0.98,13,-0.015172970656725317
0.98,14,-0.05750864608393079
0.98,15,-0.002805930747479922
0.98,16,-0.002757586299879506
0.99,intercept,0.08932687554520953
0.99,1,-0.08084351813152256
0.99,2,0.07367514732465716
0.99,3,-0.04268360891746874
0.99,4,0.04868538042835411
0.99,5,0.06265677099847514
0.99,6,0.4916735963865964
0.99,7,-0.06235310029938759
0.99,8,-0.07147237030893604
0.99,9,-0.20537180176368094
0.99,10,1.8097344995477143
0.99,11,0.39422011055749345
0.99,12,0.3511563234023679
0.99,13,-0.036460258354259964
0.99,14,-0.10792173598169055
0.99,15,-0.003229193235619359
0.99,16,-0.0034788040360039327
